model,family,stage,features,rule,lecture method,accuracy,AUC,vs original,s.e.,kept,file
stacking of the best 6 families,ensemble,ensemble,all,0.5,False,0.8763267050409907,0.9376447247618117,0.0017247935103630319,0.0007006777382602166,True,01_stacking_of_the_best_6_families.csv
soft vote of the best 3 lecture families,ensemble,ensemble,all,0.5,True,0.8759869998316827,0.9375996831826966,0.001385088301054993,0.0005957240313520934,True,02_soft_vote_of_the_best_3_lecture_families.csv
"gradient boosting (tuned, bagged)",gradient boosting,bagging,all,0.5,True,0.8757254592215472,0.9372713509728617,0.0011235476909194908,0.0011511788339198653,True,03_gradient_boosting_tuned_bagged.csv
soft vote of the best 3 families,ensemble,ensemble,all,0.5,False,0.8754642674045745,0.9369824864979567,0.0008623558739467851,0.000841254860990832,False,
gradient boosting (tuned),gradient boosting,tuned,all,0.5,True,0.875281219826569,0.9366842530467228,0.0006793082959413166,0.0010421080037263677,True,04_gradient_boosting_tuned.csv
soft vote of the best 5 families,ensemble,ensemble,all,0.5,False,0.8752291167411422,0.937448787745038,0.0006272052105145143,0.0008402145344808757,False,
"gradient boosting (tuned, monotone, bagged)",gradient boosting,bagging,all,0.5,True,0.8751502956298667,0.9374094839467016,0.0005483840992389633,0.0013495033517915483,False,
original final: soft vote RF + LR + GB,ensemble,original,all,0.5,True,0.8746019115306277,0.9369101494759926,0.0,0.0,False,
gradient boosting (original),gradient boosting,original,all,0.5,True,0.8745232957261353,0.9360704293573979,-7.861580449242123e-05,0.0007295408680574293,False,
random forest (tuned),random forest,tuned,all,0.5,True,0.8742621857037968,0.9356095339194935,-0.00033972582683095,0.0007255521762194367,True,05_random_forest_tuned.csv
"gradient boosting (tuned, no attribute)",gradient boosting,feature set,no attribute,0.5,True,0.8742358367669871,0.9365162795144167,-0.0003660747636405892,0.0008952708520572407,False,
"gradient boosting (tuned, monotone)",gradient boosting,monotone,all,0.5,True,0.8741051586939738,0.9368706366584995,-0.0004967528366539575,0.0013241904853490145,False,
extra trees (tuned),extra trees,tuned,all,0.5,False,0.8740265638608148,0.9354846470224234,-0.0005753476698129312,0.001500902023001303,True,06_extra_trees_tuned.csv
"random forest (tuned, no attribute)",random forest,feature set,no attribute,0.5,True,0.8740008913460088,0.9351878480163841,-0.0006010201846189389,0.000922555749268795,True,07_random_forest_tuned_no_attribute.csv
logistic regression on splines (default),logistic regression,default,all,0.5,True,0.873895926572542,0.9357643064575928,-0.0007059849580857147,0.0012115191138261019,True,08_logistic_regression_on_splines_default.csv
random forest (original),random forest,original,all,0.5,True,0.8737655562506331,0.9354386136269163,-0.0008363552799945939,0.0008087173102557205,False,
logistic regression on splines (tuned),logistic regression,tuned,all,0.5,True,0.8737396581331672,0.9370076507650875,-0.0008622533974604885,0.0010810701896009497,False,
"gradient boosting (original, monotone)",gradient boosting,monotone,all,0.5,True,0.8734515023274803,0.9362890101161746,-0.0011504092031474622,0.0012373069356555202,False,
logistic regression (original),logistic regression,original,all,0.5,True,0.8732164132914639,0.9332299860653076,-0.001385498239163785,0.0008511254593608582,False,
"extra trees (tuned, no attribute)",extra trees,feature set,no attribute,0.5,False,0.8730858994831757,0.9355234754046379,-0.0015160120474519978,0.0012128804781456125,False,
logistic regression (tuned),logistic regression,tuned,all,0.5,True,0.873085776357002,0.9332055513160187,-0.001516135173625699,0.0006852183499976152,False,
"gradient boosting (tuned, selected)",gradient boosting,feature set,selected,0.5,True,0.872772132757934,0.9340028610378267,-0.0018297787726937464,0.0008294282323142353,False,
extra trees (default),extra trees,default,all,0.5,False,0.8727720097925836,0.934755039015393,-0.001829901738044093,0.0008981593586611772,False,
"random forest (tuned, selected)",random forest,feature set,selected,0.5,True,0.8725634333791388,0.9317755979839307,-0.0020384781514889427,0.0009943346634926414,False,
"gradient boosting (tuned, bagged) [top half]",gradient boosting,decision rule,all,top half,True,0.8723021591564042,0.9372713509728617,-0.0022997523742235293,0.0010367531603889851,False,
"extra trees (tuned, selected)",extra trees,feature set,selected,0.5,False,0.8723018928654978,0.9328227839602502,-0.002300018665129966,0.0008587614154216084,False,
"neural network (tuned, 5 seeds)",neural network,bagging,all,0.5,False,0.8722756464695032,0.9350010668583676,-0.002326265061124544,0.0011372177663606501,False,
SVM (RBF) (tuned),SVM,tuned,all,0.5,False,0.8715956411662004,0.9177185514756028,-0.0030062703644273547,0.0014849899745759383,False,
gradient boosting (tuned) [top half],gradient boosting,decision rule,all,top half,True,0.8709953382204904,0.9366842530467228,-0.003606573310137362,0.0011779072269315928,False,
AdaBoost (default),AdaBoost,default,all,0.5,False,0.870890537969066,0.9333186019910248,-0.003711373561561704,0.0009131056507971815,False,
neural network (default),neural network,default,all,0.5,False,0.8703415998985398,0.933116378005883,-0.004260311632087954,0.0008818101380511433,False,
neural network (tuned),neural network,tuned,all,0.5,False,0.8697927444267636,0.9336686639963526,-0.004809167103864143,0.001251449583544261,False,
k-NN (original),k-NN,original,all,0.5,True,0.8693482177695449,0.9273641708066189,-0.005253693761082867,0.0012750011773004096,False,
decision tree (original),decision tree,original,all,0.5,True,0.8674406224510544,0.9262182704104113,-0.007161289079573363,0.0012667017542085583,False,
LDA (default),LDA,default,all,0.5,False,0.8662905207738589,0.9286604830275339,-0.008311390756768788,0.0013378583825259332,False,
k-NN (tuned),k-NN,tuned,all,0.5,True,0.8661075757045041,0.9295714131040108,-0.008494335826123578,0.0011853416920378915,False,
SVM (RBF) (default),SVM,default,all,0.5,False,0.8653494673972797,0.920129042361847,-0.009252444133348026,0.0012114320598019994,False,
QDA (default),QDA,default,all,0.5,False,0.85296243191433,0.9176677188363153,-0.021639479616297752,0.0020279196506372762,False,
naive Bayes (default),naive Bayes,default,all,0.5,False,0.7821086348533465,0.9083747476103926,-0.09249327667728124,0.00207976254017001,False,
